{"cameraMode":{"drawMode":0,"name":"Shaded","section":"Shading Mode"},"sceneLighting":false,"audioPlay":false,"sceneViewState":{"showFog":true,"showMaterialUpdate":false,"showSkybox":false,"showFlares":true,"showImageEffects":true,"showParticleSystems":true},"in2DMode":false,"pivot":{"x":7.456491470336914,"y":1.2000000476837159,"z":25.5391788482666},"rotation":{"x":0.32702115178108218,"y":0.3171231150627136,"z":-0.11752218008041382,"w":0.8824353218078613},"size":1.3445734977722169,"orthographic":false}