{"cameraMode":{"drawMode":0,"name":"Shaded","section":"Shading Mode"},"sceneLighting":false,"audioPlay":false,"sceneViewState":{"showFog":true,"showMaterialUpdate":false,"showSkybox":false,"showFlares":true,"showImageEffects":true,"showParticleSystems":true},"in2DMode":false,"pivot":{"x":-18.076927185058595,"y":-0.05259370803833008,"z":9.722381591796875},"rotation":{"x":0.07639707624912262,"y":0.027213284745812417,"z":-0.0020860459189862015,"w":0.9967060089111328},"size":5.0854692459106449,"orthographic":false}