{"cameraMode":{"drawMode":0,"name":"Shaded","section":"Shading Mode"},"sceneLighting":false,"audioPlay":false,"sceneViewState":{"showFog":true,"showMaterialUpdate":false,"showSkybox":false,"showFlares":true,"showImageEffects":true,"showParticleSystems":true},"in2DMode":false,"pivot":{"x":-2.0733585357666017,"y":-0.1209249496459961,"z":4.646351337432861},"rotation":{"x":0.19181494414806367,"y":0.6607668995857239,"z":-0.1803124099969864,"w":0.7029150724411011},"size":2.5806946754455568,"orthographic":false}