{"cameraMode":{"drawMode":0,"name":"Shaded","section":"Shading Mode"},"sceneLighting":true,"audioPlay":false,"sceneViewState":{"showFog":true,"showMaterialUpdate":false,"showSkybox":true,"showFlares":true,"showImageEffects":true,"showParticleSystems":true},"in2DMode":false,"pivot":{"x":2.359250545501709,"y":0.2799999713897705,"z":-8.819999694824219},"rotation":{"x":0.4423873722553253,"y":0.10052374750375748,"z":-0.049979761242866519,"w":0.8897730112075806},"size":6.006054401397705,"orthographic":false}