{"cameraMode":{"drawMode":0,"name":"Shaded","section":"Shading Mode"},"sceneLighting":false,"audioPlay":false,"sceneViewState":{"showFog":true,"showMaterialUpdate":false,"showSkybox":false,"showFlares":true,"showImageEffects":true,"showParticleSystems":true},"in2DMode":false,"pivot":{"x":30.239154815673829,"y":-23.330585479736329,"z":24.480945587158204},"rotation":{"x":-0.016469066962599756,"y":0.9762473106384277,"z":-0.20075517892837525,"w":-0.08012155443429947},"size":0.8660253882408142,"orthographic":false}