{"cameraMode":{"drawMode":0,"name":"Shaded","section":"Shading Mode"},"sceneLighting":false,"audioPlay":false,"sceneViewState":{"showFog":true,"showMaterialUpdate":false,"showSkybox":false,"showFlares":true,"showImageEffects":true,"showParticleSystems":true},"in2DMode":false,"pivot":{"x":25.840789794921876,"y":-0.6984536647796631,"z":1.4013886451721192},"rotation":{"x":-0.047406040132045749,"y":0.9386878609657288,"z":-0.14361125230789185,"w":-0.3099122643470764},"size":1.6273620128631592,"orthographic":false}